Symbol,Company,Sector,InstiBuyCr,InstiSellCr,NetCr,Buys,Sells,Institutions,ActiveDays,Status
ATHERENERG,Ather Energy Limited,Automobile and Auto Components,445.31,3516.48,-3071.17,1,2,2,2,DISTRIBUTING
WELCORP,Welspun Corp Limited,Capital Goods,451.34,2730.36,-2279.02,16,2,14,1,DISTRIBUTING
APOLLOTYRE,Apollo Tyres Limited,Automobile and Auto Components,2249.9,0.0,2249.9,5,0,3,1,ACCUMULATING
LAURUSLABS,Laurus Labs Limited,Healthcare,2.86,1735.73,-1732.87,1,2,2,1,DISTRIBUTING
ETERNAL,ETERNAL LIMITED,Consumer Services,2.06,1670.86,-1668.8,1,1,1,1,DISTRIBUTING
LENSKART,Lenskart Solutions Limited,Consumer Services,3465.24,1806.19,1659.05,24,3,20,2,ACCUMULATING
FOSECOIND,Foseco India Limited,,1291.26,0.0,1291.26,16,0,8,1,ACCUMULATING
VIYASH,Viyash Scientific Limited,,749.34,1861.18,-1111.84,8,12,8,1,DISTRIBUTING
AXISCADES,AXISCADES Technologies Limited,,765.26,1659.44,-894.18,7,2,5,1,DISTRIBUTING
ASTRAL,Astral Limited,Capital Goods,780.66,6.1,774.56,2,1,2,1,ACCUMULATING
BSE,BSE Limited,Financial Services,1677.6,2186.44,-508.84,2,2,4,1,DISTRIBUTING
IRBINVIT,IRB InvIT Fund,,0.0,462.62,-462.62,0,2,1,1,DISTRIBUTING
HONASA,Honasa Consumer Limited,Fast Moving Consumer Goods,230.0,596.83,-366.83,2,2,4,1,DISTRIBUTING
PWL,Physicswallah Limited,Consumer Services,737.88,1099.46,-361.58,10,2,10,1,DISTRIBUTING
CLEANMAX,Clean Max Enviro Energy Solutions Limited,,337.86,0.0,337.86,3,0,3,1,ACCUMULATING
NORTHARC,Northern Arc Capital Limited,,128.59,430.34,-301.75,4,6,5,1,DISTRIBUTING
RUBICON,Rubicon Research Limited,,280.0,0.0,280.0,2,0,1,1,ACCUMULATING
BALKRISIND,Balkrishna Industries Limited,Automobile and Auto Components,232.69,0.0,232.69,1,0,1,1,ACCUMULATING
STAR,Strides Pharma Science Limited,,0.0,198.0,-198.0,0,2,1,1,DISTRIBUTING
GAJA,Gaja Alt Asset Mgt Ltd,,314.54,167.22,147.32,10,7,8,1,ACCUMULATING
GENUSPOWER,Genus Power Infrastructures Limited,,142.24,0.0,142.24,2,0,1,1,ACCUMULATING
TCIEXP,TCI Express Limited,,29.96,139.64,-109.68,2,6,3,2,DISTRIBUTING
SPAL,S. P. Apparels Limited,,92.5,0.0,92.5,2,0,1,1,ACCUMULATING
VARMORA,Varmora Granito Limited,,126.44,71.52,54.92,5,3,5,1,ACCUMULATING
ULTRAMAR,Ultramarine & Pigments Limited,,60.8,6.21,54.59,2,1,2,2,ACCUMULATING
CENTUM,Centum Electronics Limited,,51.52,0.0,51.52,1,0,1,1,ACCUMULATING
ELEVATE,Elevate Campuses Limited,,142.0,190.03,-48.03,4,4,4,1,DISTRIBUTING
STLNETWORK,STL Networks Limited,,0.0,44.17,-44.17,0,2,1,2,DISTRIBUTING
HEROMOTORS,Hero Motors Limited,,777.74,815.77,-38.03,17,17,10,3,DISTRIBUTING
SBICARD,SBI Cards and Payment Services Limited,Financial Services,632.07,664.72,-32.65,1,2,3,1,DISTRIBUTING
INDOTHAI,Indo Thai Securities Limited,,67.66,39.35,28.31,3,3,3,1,ACCUMULATING
RSYSTEMS,R Systems International Limited,,892.22,876.26,15.96,19,19,11,2,ACCUMULATING
STYLEBAAZA,Baazar Style Retail Ltd,,31.54,15.78,15.76,2,1,2,1,ACCUMULATING
SUNSHINE,Sunshine Pictures Limited,,270.97,284.44,-13.47,14,14,7,5,DISTRIBUTING
WEL,Wonder Electricals Limited,,464.02,450.78,13.24,12,12,11,2,ACCUMULATING
ARMEE,ArMee Infotech Limited,,74.92,87.18,-12.26,7,8,8,1,DISTRIBUTING
COMSYN,Commercial Syn Bags Limited,,23.76,35.59,-11.83,4,4,1,4,DISTRIBUTING
SWASTIKAIN,Swastika Infra Limited,,11.69,0.0,11.69,3,0,3,1,ACCUMULATING
TCC,TCC Concept Limited,,7.35,17.83,-10.48,1,2,2,1,DISTRIBUTING
FMGOETZE,Federal-Mogul Goetze (India) Limited.,,535.79,525.41,10.38,15,15,7,3,ACCUMULATING
GNRL,Gujarat Natural Resources Limited,,0.0,9.85,-9.85,0,1,1,1,DISTRIBUTING
GCSL,Gretex Corporate Services Limited,,27.97,18.55,9.42,2,2,1,2,ACCUMULATING
SSRETAIL,SS Retail Limited,,945.78,936.71,9.07,17,17,8,3,ACCUMULATING
BALRAMCHIN,Balrampur Chini Mills Limited,Fast Moving Consumer Goods,529.38,520.56,8.82,4,4,4,1,ACCUMULATING
IRISDOREME,Iris Clothings Limited,,6.59,0.0,6.59,1,0,1,1,ACCUMULATING
TEJASNET,Tejas Networks Limited,Telecommunication,513.47,507.49,5.98,6,6,6,1,ACCUMULATING
SHIVAUM,Shiv Aum Steels Limited,,6.04,0.08,5.96,1,1,1,1,ACCUMULATING
SBC,SBC Exports Limited,,39.29,44.85,-5.56,2,3,2,2,DISTRIBUTING
RATNAVEER,Ratnaveer Precision Engineering Limited,,398.35,403.9,-5.55,16,16,4,7,DISTRIBUTING
MVELECTRO,MV Electrosystems Limited,,880.78,875.6,5.18,21,21,8,4,ACCUMULATING
AHCL,Anlon Healthcare Limited,,24.42,19.36,5.06,2,2,1,2,ACCUMULATING
ARIS,Arisinfra Solutions Limited,,7.24,2.2,5.04,1,1,1,1,ACCUMULATING
VINCOFE,Vintage Coffee And Beverages Limited,,17.05,12.14,4.91,1,1,1,1,ACCUMULATING
GENESYS,Genesys International Corporation Limited,,89.35,84.54,4.81,7,7,7,1,ACCUMULATING
AQYLON,Aqylon Nexus Limited,,0.0,4.53,-4.53,0,1,1,1,DISTRIBUTING
RAMBHAJO,Advit Jewels Limited,,155.54,151.16,4.38,12,11,8,2,ACCUMULATING
MAGSON,Magson Retail And Dist L,,0.0,4.2,-4.2,0,2,1,2,DISTRIBUTING
FASCINATE,Fascinate Textiles Ltd,,5.26,1.11,4.15,2,1,2,2,ACCUMULATING
TEMPSENS,Tempsens Inst (India) Ltd,,500.73,504.86,-4.13,7,7,6,2,DISTRIBUTING
SHAHALLOYS,Shah Alloys Limited,,4.12,0.0,4.12,2,0,2,1,ACCUMULATING
TRANSTEEL,Transteel Seating Tech L,,0.0,3.92,-3.92,0,1,1,1,DISTRIBUTING
BLEL,Behari Lal Engineering L,,249.87,245.98,3.89,14,14,11,3,ACCUMULATING
JINDRILL,Jindal Drilling And Industries Limited,,102.34,99.22,3.12,7,7,7,1,ACCUMULATING
COREIN,Coreintegra Consult Ser L,,3.89,1.12,2.77,2,1,3,1,ACCUMULATING
ATALREAL,Atal Realtech Limited,,30.98,33.25,-2.27,10,10,3,6,DISTRIBUTING
JGCHEM,J.G.Chemicals Limited,,39.83,37.58,2.25,2,2,2,1,ACCUMULATING
RAYMOND,Raymond Limited,,91.63,93.65,-2.02,2,2,2,1,DISTRIBUTING
MANALIPETC,Manali Petrochemicals Limited,,127.53,129.45,-1.92,6,6,6,1,DISTRIBUTING
SYNCOMF,Syncom Formulations (India) Limited,,167.17,169.05,-1.88,9,9,6,2,DISTRIBUTING
SHANTIGOLD,Shanti Gold International Limited,,86.23,84.37,1.86,5,5,3,2,ACCUMULATING
MARKOLINES,Markolines Pavement Technologies Limited,,2.2,3.91,-1.71,1,2,2,1,DISTRIBUTING
FWSTC,Flywings Simulat T C Ltd,,0.01,1.56,-1.55,1,1,1,1,DISTRIBUTING
ZEEL,Zee Entertainment Enterprises Limited,Media Entertainment & Publication,101.75,100.46,1.29,2,2,2,1,ACCUMULATING
MOTISONS,Motisons Jewellers Limited,,24.26,23.14,1.12,2,2,1,2,ACCUMULATING
RGL,Renaissance Global Limited,,140.19,139.08,1.11,8,8,7,2,ACCUMULATING
GANGAFORGE,Ganga Forging Limited,,0.0,1.11,-1.11,1,3,1,3,DISTRIBUTING
ACETEC,Acetech E-Commerce Ltd,,0.0,1.1,-1.1,0,1,1,1,DISTRIBUTING
BVCL,Barak Valley Cements Limited,,1.1,0.16,0.94,2,2,1,2,ACCUMULATING
CYIENT,Cyient Limited,Information Technology,55.05,54.12,0.93,1,1,1,1,ACCUMULATING
ASHOKA,Ashoka Buildcon Limited,,234.05,234.97,-0.92,5,5,5,1,DISTRIBUTING
KSR,KSR Footwear Limited,,0.77,0.0,0.77,1,0,1,1,ACCUMULATING
JAYESH,Jayesh Logistics Limited,,0.0,0.7,-0.7,0,1,1,1,DISTRIBUTING
SHREEKARNI,Shree Karni Fabcom Ltd,,1.49,0.8,0.69,1,1,1,1,ACCUMULATING
DELTACORP,Delta Corp Limited,,153.79,153.16,0.63,6,6,6,1,ACCUMULATING
DEEPA,Deepa Jewellers Limited,,45.56,46.17,-0.61,3,3,3,1,DISTRIBUTING
DWARKESH,Dwarikesh Sugar Industries Limited,,10.72,11.33,-0.61,2,2,1,2,DISTRIBUTING
LAMOSAIC,Lamosaic India Limited,,0.59,0.0,0.59,1,0,1,1,ACCUMULATING
POLYSIL,Polysil Irrigation Syst L,,1.27,0.71,0.56,1,1,1,1,ACCUMULATING
KCK,Kck Industries Limited,,0.46,0.0,0.46,1,0,1,1,ACCUMULATING
BIOFILCHEM,Biofil Chemicals & Pharmaceuticals Limited,,0.5,0.06,0.44,1,1,1,1,ACCUMULATING
SPRL,SP Refractories Limited,,0.33,0.0,0.33,1,0,1,1,ACCUMULATING
AUGMONT,Augmont Enterprises Ltd,,136.86,137.16,-0.3,2,2,2,1,DISTRIBUTING
AASTHA,Aastha Spintex Limited,,5.03,4.73,0.3,3,3,3,3,ACCUMULATING
MVKAGRO,M.V.K. Agro Food Prod Ltd,,7.33,7.58,-0.25,1,1,1,1,DISTRIBUTING
MOREPENLAB,Morepen Laboratories Limited,,33.51,33.74,-0.23,1,1,1,1,DISTRIBUTING
SMCGLOBAL,SMC Global Securities Limited,,48.15,48.37,-0.22,3,3,3,1,DISTRIBUTING
MOMSBELIEF,Rays of Belief Limited,,7.83,8.03,-0.2,2,2,2,1,DISTRIBUTING
DIFFNKG,Diffusion Engineers Limited,,54.77,54.96,-0.19,4,4,4,1,DISTRIBUTING
LANDMARK,Landmark Cars Limited,,202.57,202.75,-0.18,7,7,7,1,DISTRIBUTING
SHAH,Shah Metacorp Limited,,3.1,3.27,-0.17,1,1,1,1,DISTRIBUTING
BBTC,The Bombay Burmah Trading Corporation Limited,Fast Moving Consumer Goods,300.59,300.75,-0.16,3,3,3,1,DISTRIBUTING
TNPETRO,Tamilnadu PetroProducts Limited,,33.78,33.92,-0.14,2,2,2,1,DISTRIBUTING
INDOBORAX,Indo Borax & Chemicals Limited,,77.43,77.56,-0.13,4,4,4,1,DISTRIBUTING
FERMENTA,Fermenta Biotech Limited,,17.08,17.2,-0.12,2,2,2,1,DISTRIBUTING
XTRANET,Xtranet Technologies Ltd,,12.17,12.29,-0.12,2,2,2,2,DISTRIBUTING
BIOPOL,Biopol Chemicals Limited,,0.46,0.34,0.12,1,1,1,1,ACCUMULATING
TECHNOCRAF,Technocraft Ventures Ltd,,21.14,21.25,-0.11,2,2,2,1,DISTRIBUTING
MILKYMIST,Milky Mist Dairy Food L,,93.94,94.04,-0.1,1,1,1,1,DISTRIBUTING
INDOCO,Indoco Remedies Limited,,63.6,63.69,-0.09,3,3,3,1,DISTRIBUTING
PROTEAN,Protean eGov Technologies Limited,,16.91,16.99,-0.08,1,1,1,1,DISTRIBUTING
SHIPROCKET,Shiprocket Limited,,49.5,49.57,-0.07,1,1,1,1,DISTRIBUTING
DAMCAPITAL,Dam Capital Advisors Limited,,38.29,38.36,-0.07,4,4,4,1,DISTRIBUTING
AGIIL,Agi Infra Limited,,29.45,29.39,0.06,1,1,1,1,ACCUMULATING
MASTEK,Mastek Limited,,48.59,48.64,-0.05,1,1,1,1,DISTRIBUTING
OMAXE,Omaxe Limited,,37.08,37.13,-0.05,2,2,2,1,DISTRIBUTING
GLASSWALL,Glass Wall System (I) Ltd,,117.14,117.11,0.03,6,6,2,3,ACCUMULATING
SDBL,Som Distilleries & Breweries Limited,,17.26,17.28,-0.02,2,2,2,1,DISTRIBUTING
KELLTONTEC,Kellton Tech Solutions Limited,,4.4,4.41,-0.01,1,1,1,1,DISTRIBUTING
BANG,Bang Overseas Limited,,1.26,1.25,0.01,3,3,1,3,ACCUMULATING
TVSELECT,TVS Electronics Limited,,6.64,6.64,0.0,1,1,1,1,FLAT
ADSL,Allied Digital Services Limited,,4.26,4.26,0.0,1,1,1,1,FLAT
